question_id,question_text,options_json,correct_option,lesson,topic,subtopic,difficulty_label,question_type,question_origin,origin_detail,derivation_ref,quality_state,active,created_at,updated_at,image_url,has_figure,figure_type,figure_policy,figure_path,has_figure_ai,figure_type_ai,figure_confidence,has_figure_final
ai_20260114220401,,"{""A"": """", ""B"": """", ""C"": """", ""D"": """"}",A,Matematik,Cebirsel İfadeler,,2,mcq,ai_captured,soru_analiz_upload,,,true,2026-01-14T22:04:01.578867,,,true,scanned,no_variant,assets/questions/ai_20260114220401.png,,,,true
fen_dna_001,DNA'nın yapı birimi nedir?,"{""A"": ""Gen"", ""B"": ""Nükleotid"", ""C"": ""Kromozom"", ""D"": ""Hücre""}",B,Fen Bilimleri,DNA ve Genetik Kod,DNA Yapısı,4,mcq,publisher,YAYIN_B,,active,True,2025-12-05T18:11:12.939071,2025-12-05T18:11:12.939074,,False,none,no_variant,,False,none,0.0,"False"
fen_mevsim_001,Dünya'nın eksen eğikliği kaç derecedir?,"{""A"": ""23° 27'"", ""B"": ""27° 23'"", ""C"": ""90°"", ""D"": ""0°""}",A,Fen Bilimleri,Mevsimler ve İklim,Mevsimlerin Oluşumu,2,mcq,meb,MEB_KAZANIM,,active,True,2025-12-05T18:11:12.939049,2025-12-05T18:11:12.939052,,False,none,no_variant,,False,none,0.0,"False"
mat_karekok_001,Alanı 144 cm² olan karenin bir kenarı kaç cm'dir?,"{""A"": ""10"", ""B"": ""12"", ""C"": ""14"", ""D"": ""16""}",B,Matematik,Kareköklü İfadeler,Tam Kare Sayılar,3,mcq,publisher,YAYIN_A,,active,True,2025-12-05T18:11:12.939016,2025-12-05T18:11:12.939019,,False,none,no_variant,,False,none,0.0,"False"
mat_uslu_001,2 üzeri 3 kaçtır?,"{""A"": ""6"", ""B"": ""8"", ""C"": ""9"", ""D"": ""12""}",B,Matematik,Üslü İfadeler,Üslü Sayıların Özellikleri,2,mcq,meb,MEB_ORNEK,,active,True,2025-12-05T18:11:12.938947,2025-12-05T18:11:12.938957,,False,none,no_variant,,False,none,0.0,"False"
mat_uslu_002,Bir bakteri her saat 2'ye bölünerek çoğalıyor. 5 saat sonra kaç bakteri olur?,"{""A"": ""16"", ""B"": ""32"", ""C"": ""64"", ""D"": ""128""}",B,Matematik,Üslü İfadeler,Çözümleme,3,mcq,meb,LGS_2023,,active,True,2025-12-05T18:11:12.938989,2025-12-05T18:11:12.938994,,False,none,no_variant,,False,none,0.0,"False"
q_20251205222257_0,1. Bir kenarının uzunluğu √75 cm olan karenin çevre uzunluğu kaç santimetredir?,"{""A"": ""10√3"", ""B"": ""15√3"", ""C"": ""20√3"", ""D"": ""25√3""}",C,Matematik,Genel,Genel,2,mcq,ai_variant_of_publisher,Hız yayınevi-deneme,,,True,2025-12-05T22:22:57.496243,,,,,,,,,,""
q_20251205222258_1,"2. Aşağıda verilen büyük bir kare, 9 adet küçük özdeş karenin kenarlarının çakıştırılmasıyla elde edilmiştir. Küçük karelerden birinin alanı 32 cm² olduğuna göre büyük karenin alanı kaç santimetrekaredir?","{""A"": ""192"", ""B"": ""256"", ""C"": ""288"", ""D"": ""320""}",C,Matematik,Genel,Genel,2,mcq,ai_variant_of_publisher,Hız yayınevi-deneme,,,True,2025-12-05T22:22:58.622863,,,,,,,,,,""
q_20251205222300_2,3. Aşağıdaki sayılardan hangisi a ve b tam sayılar olmak üzere a/b şeklinde yazılamaz?,"{""A"": ""√16"", ""B"": ""0,75"", ""C"": ""π"", ""D"": ""-5/2""}",C,Matematik,Genel,Genel,3,mcq,ai_variant_of_publisher,Hız yayınevi-deneme,,,True,2025-12-05T22:23:00.223175,,,,,,,,,,""
q_20251205222301_3,4. Aşağıdakilerden hangisi alanı 100x⁶y⁸ santimetrekare olan karenin bir kenar uzunluğunun santimetre cinsinden değeri olamaz?,"{""A"": ""5x · 2x²y⁴"", ""B"": ""10x³y · y³"", ""C"": ""2x²y² · 5xy²"", ""D"": ""4x³y² · 5y²""}",D,Matematik,Genel,Genel,3,mcq,ai_variant_of_publisher,Hız yayınevi-deneme,,,True,2025-12-05T22:23:01.792314,,,,,,,,,,""
q_20251205230733_0,"Aşağıda bir okulun sergi salonunda kullanılan ikisi eş olmak üzere toplam üç tane dikdörtgen biçiminde tablo gösterilmiştir. Kenar uzunlukları santimetre cinsinden 50'den küçük birer tam sayı olan bu tabloların ön yüzlerinin alanı 1500 cm² ile 1700 cm² dir. Tabloların kısa kenar uzunlukları eşit olduğuna göre, ortadaki büyük tablo diğer tablolardan en az kaç santimetre uzundur?","{""A"": ""1"", ""B"": ""2"", ""C"": ""3"", ""D"": ""4""}",A,Matematik,Genel,Genel,4,mcq,ai_variant_of_publisher,Uploaded PDF,,,True,2025-12-05T23:07:33.353851,,,,,,,,,,""
q_20251205230739_1,"Kare şeklindeki bir duvar kenar uzunlukları 8 cm ve 12 cm olan dikdörtgen şeklindeki fayanslarla bir köşesinden başlanarak aşağıdaki gibi kaplanıyor. Fayanslar başladığı köşeden itibaren bir sıra yatay, bir sıra dikey olacak biçimde duvara yerleştiriliyor. Buna göre tamamı fayanslarla kaplanan kare şeklindeki bu duvarın alanı en az kaç santimetrekaredir?","{""A"": ""576"", ""B"": ""1444"", ""C"": ""2304"", ""D"": ""3600""}",C,Matematik,Genel,Genel,4,mcq,ai_variant_of_publisher,Uploaded PDF,,,True,2025-12-05T23:07:39.451652,,,,,,,,,,""
q_20251205231100_0,"Aşağıda Ayşe, Burak ve Cem'in beş günde çözdüğü soru sayıları tabloda verilmiştir. Beş günde toplamda en çok soru çözen Ayşe'dir. Perşembe günü en az soru çözen Burak'tır. Buna göre bu üç kişinin çözdüğü soru sayılarıyla ilgili aşağıdakilerden hangisi doğrudur?

**Ayşe'nin Çözdüğü Soru Sayıları:**
Pazartesi: 40, Salı: 70, Çarşamba: 50, Perşembe: 80, Cuma: 100

**Burak'ın Çözdüğü Soru Sayıları:**
Pazartesi: 50, Salı: 60, Çarşamba: 70, Perşembe: 40, Cuma: 90

**Cem'in Çözdüğü Soru Sayıları:**
Pazartesi: 30, Salı: 90, Çarşamba: 40, Perşembe: 60, Cuma: 80","{""A"": ""Burak beş günde toplam 320 soru çözmüştür."", ""B"": ""Salı günü en fazla soru çözen Cem'dir."", ""C"": ""Ayşe, Çarşamba günü 60 soru çözmüştür."", ""D"": ""Beş günde toplamda en az soru çözen kişi Ayşe'dir.""}",B,Matematik,Genel,Genel,3,mcq,ai_variant_of_publisher,Uploaded PDF,,,True,2025-12-05T23:11:00.307360,,,,,,,,,,""
q_20251205231102_1,"Şekil I'de verilen kare biçimindeki karton 16 eş bölüme ayrılıp her bölüme birer doğal sayı yazılıyor. Daha sonra karton, Şekil II'de belirtilen yönlerde (dikey olarak ortadan ikiye) katlanıyor. Buna göre kaç numaralı satırda üst üste gelen tüm sayı çiftleri aralarında asaldır?

Şekil II:
I. [6, 10, 15, 8]
II. [1, 14, 21, 5]
III. [7, 12, 25, 11]
IV. [18, 20, 30, 24]","{""A"": ""I"", ""B"": ""II"", ""C"": ""III"", ""D"": ""IV""}",C,Matematik,Genel,Genel,4,mcq,ai_variant_of_publisher,Uploaded PDF,,,True,2025-12-05T23:11:02.138110,,,,,,,,,,""
q_20251205233711_0,"Aşağıda dikdörtgen biçiminde bir kağıt verilmiştir. Bu kağıt önce uzun kenarı boyunca ikiye katlanarak Şekil 1 elde ediliyor. Daha sonra Şekil 1'deki kağıt tekrar uzun kenarı boyunca ikiye katlanarak Şekil 2 elde ediliyor. Şekil 2'deki bu kağıt bir kare olduğuna göre ve alanı 16³ mm² olduğuna göre, başlangıçtaki dikdörtgen kağıdın uzun kenarı kaç milimetredir?","{""A"": ""2⁶"", ""B"": ""2⁷"", ""C"": ""2⁸"", ""D"": ""2⁹""}",C,Matematik,Genel,Genel,3,mcq,ai_variant_of_publisher,Hız yayınevi-deneme,,,True,2025-12-05T23:37:11.030900,,,,,,,,,,""
q_20251205233712_1,"Bir yüzme yarışmasında sporculardan Ayşe'nin yarışı bitirme süresi saniye cinsinden çözümlenmiş biçimde aşağıda verilmiştir:
Ayşe: (5 · 10¹ + 2 · 10⁰ + 3 · 10⁻¹ + 8 · 10⁻²) sn.
Buna göre Ayşe'nin yarışı bitirme süresi aşağıdakilerden hangisidir?","{""A"": ""52,83"", ""B"": ""53,28"", ""C"": ""52,38"", ""D"": ""53,82""}",C,Matematik,Genel,Genel,2,mcq,ai_variant_of_publisher,Hız yayınevi-deneme,,,True,2025-12-05T23:37:12.508148,,,,,,,,,,""
q_20251205234833_0,"11. m (kütle), d (yoğunluk) ve V (hacim) olmak üzere m = d • V formülü ile kütle hesabı yapılmaktadır. Kumun üzerine su dökülünce kum taneciklerinin arasındaki hava boşluklarına su yerleşir ve beklenen hacimden daha az hacim elde edilir. Beklenen hacim ile elde edilen hacim arasındaki fark, kum tanecikleri arasındaki havanın hacmini verir. Aşağıda Şekil I'de 300 litre seviyesine kadar kumla dolu bir havuz verilmiştir. Bu havuz 420 litre su ile doldurulduğunda karışımın seviyesi Şekil II'deki gibi 650 litre oluyor. Kum taneciklerinin arasında kalan havanın yoğunluğunun 5 • 10⁻¹¹ kg/L olduğu bilinmektedir. Buna göre ilk durumda kumdaki havanın kütlesinin kilogram cinsinden bilimsel gösterimi aşağıdakilerden hangisidir?","{""A"": ""3,5 • 10⁻⁹"", ""B"": ""3,5 • 10⁻¹⁰"", ""C"": ""7 • 10⁻⁹"", ""D"": ""7 • 10⁻¹⁰""}",A,Matematik,Genel,Genel,3,mcq,ai_variant_of_publisher,Hız yayınevi-deneme,,,True,2025-12-05T23:48:33.431218,,,,,,,,,,""
q_20251205234834_1,"12. Aşağıda Şekil 1'de bir mağazada satılan yatağın bazasız hâlindeki ayaklarının uzunluğu verilmiştir. Mağazada bu yatağa özdeş olan bir yatağın ayaklarının sökülüp altına zemine temas edecek biçimde baza yerleştirilmiş hâli ise Şekil 2'de gösterilmiştir. Şekil 1'deki yatağın ayak yüksekliği 5√3 cm'dir. Bazanın yüksekliği (?), ayak yüksekliğinden 15 cm daha fazla olduğuna göre, bazanın santimetre cinsinden yüksekliği hangi ardışık iki tam sayı arasındadır?","{""A"": ""22 ile 23"", ""B"": ""23 ile 24"", ""C"": ""24 ile 25"", ""D"": ""25 ile 26""}",B,Matematik,Genel,Genel,3,mcq,ai_variant_of_publisher,Hız yayınevi-deneme,,,True,2025-12-05T23:48:34.985574,,,,,,,,,,""
q_20251212_002140,"Dairesel bir yarış pistini yarışmacılardan birisi 12 dakikada, diğeri 14 dakikada turluyor.
Yarış pistini aynı anda, aynı yöne doğru aynı noktadan turlamaya başlayan iki yarışmacı turlamaya başladıkları noktada tekrar aynı anda bulundukları anda yarışı bırakıyor.
Buna göre, yarışmacıların attıkları toplam tur sayısı kaçtır?","{""A"": """", ""B"": """", ""C"": """", ""D"": """"}",C,Matematik,EKOK (En Küçük Ortak Kat),,3,mcq,ai_captured,soru_analiz_upload,,,True,2025-12-12T00:22:02.798884,,,True,scanned,no_variant,assets/questions/q_20251212_002140.png,,,,True
q_20251223_160050,"Bir galeride satılan A, B ve C marka araçların sayıca dağılımı Grafik 1'de, aynı araçların kendi içlerinde renklerine göre sayıca dağılımları ise Grafik 2, Grafik 3 ve Grafik 4'te gösterilmiştir. Bu galeride bulunan toplam gri renkli araç sayısı 1175 olduğuna göre, galerideki toplam araç sayısı kaçtır?","{""A"": """", ""B"": """", ""C"": """", ""D"": """"}",A,Matematik,Veri Analizi,Daire Grafiği Yorumlama,3,mcq,ai_captured,soru_analiz_upload,,,True,2025-12-23T16:04:30.439053,,,True,scanned,no_variant,assets/questions/q_20251223_160050.png,,,,True
q_20251223_205914,"A, B ve C marka araçların dağılımı ile bu araçların kendi içlerindeki renk dağılımları daire grafikleriyle verilmiştir. Toplam gri araç sayısı 1175 olduğuna göre galerideki toplam araç sayısı kaçtır?","{""A"": """", ""B"": """", ""C"": """", ""D"": """"}",A,Matematik,Veri Analizi,Daire Grafiği,4,mcq,ai_captured,soru_analiz_upload,,,True,2025-12-23T21:00:52.874904,,,True,scanned,no_variant,assets/questions/q_20251223_205914.png,,,,True
q_20251224_204550,Verilen 6 kartın orta kısmındaki köklü ifadelerin yaklaşık değerlerine göre alt ve üst tam sayı değerleri çarpılıyor. Bu çarpımlardan elde edilen sayıların 3 tane asal çarpana sahip olma olasılığı sorulmaktadır.,"{""A"": """", ""B"": """", ""C"": """", ""D"": """"}",C,Matematik,LGS Matematik,"Kareköklü İfadeler, Çarpanlar ve Katlar, Olasılık",3,mcq,ai_captured,soru_analiz_upload,,,True,2025-12-24T21:03:49.563626,,,True,scanned,no_variant,assets/questions/q_20251224_204550.png,,,,True
q_20251224_210718,Tartılarda ölçülen elma ve armut kütleleri arasındaki farkın ondalık çözümlemesini bulma.,"{""A"": """", ""B"": """", ""C"": """", ""D"": """"}",A,Matematik,Üslü İfadeler,Ondalık Gösterimlerin Çözümlenmesi,3,mcq,ai_captured,soru_analiz_upload,,,True,2025-12-24T21:26:03.410653,,,True,scanned,no_variant,assets/questions/q_20251224_210718.png,,,,True
q_20260105_192802,"Selim Bey, her biri 600 TL olan 40 kg'lik börülce veya 25 kg'lik barbunya çuvallarından birini seçecektir. Hangi türü seçerse seçsin toplam ağırlık aynı olacaktır. Daha ucuz olanı tercih edip 10000 TL'den fazla ödediğine göre, diğerini seçseydi en az kaç TL daha fazla öderdi?","{""A"": """", ""B"": """", ""C"": """", ""D"": """"}",D,Matematik,Çarpanlar ve Katlar,EKOK (En Küçük Ortak Kat),3,mcq,ai_captured,soru_analiz_upload,,,True,2026-01-05T19:42:32.170424,,,True,scanned,no_variant,assets/questions/q_20260105_192802.png,,,,True
q_20260105_200228,Bir kenar uzunluğu kök 18 cm olan ABCD dikdörtgeninin alanı bir doğal sayı olduğuna göre |AB| kenar uzunluğu aşağıdakilerden hangisi olabilir?,"{""A"": """", ""B"": """", ""C"": """", ""D"": """"}",D,Matematik,Kareköklü İfadeler,Kareköklü İfadelerde Çarpma İşlemi ve Sonucu Doğal Sayı Yapan Çarpanlar,2,mcq,ai_captured,soru_analiz_upload,,,True,2026-01-05T20:09:17.924129,,,True,scanned,no_variant,assets/questions/q_20260105_200228.png,,,,True
q_20260113_213155,"Suyun elektrolizi ile bileşenlerine ayrılması deneyi görselde verilmiştir. Kapalı bir kapta gerçekleşen bu deneye göre, verilen ifadelerden hangisinin doğru olduğu sorulmaktadır.","{""A"": """", ""B"": """", ""C"": """", ""D"": """"}",A,Matematik,Kimyasal Tepkimeler,Kütlenin ve Atomların Korunumu,3,mcq,ai_captured,soru_analiz_upload,,,true,2026-01-13T21:31:59.444913,,,true,scanned,no_variant,assets/questions/q_20260113_213155.png,,,,true
q_20260113_213407,"DNA eşlenmesi sürecini gösteren bir görsel verilmiştir. Orijinal DNA'nın 1. ve 2. zincirleri ayrılır ve her birinden yeni K ve L zincirleri sentezlenir. Buna göre, DNA eşlenmesi ile ilgili doğru ifadeyi bulmak amaçlanmaktadır.","{""A"": """", ""B"": """", ""C"": """", ""D"": """"}",A,Matematik,Kalıtım ve Biyoteknoloji,DNA ve Genetik Kod - DNA Eşlenmesi,3,mcq,ai_captured,soru_analiz_upload,,,true,2026-01-13T21:36:32.054244,,,true,scanned,no_variant,assets/questions/q_20260113_213407.png,,,,true
q_jit_20251205184943_0,Aşağıdaki sayılardan hangisi 2 ile tam bölünemez?,"{""A"": ""48"", ""B"": ""102"", ""C"": ""315"", ""D"": ""2024""}",C,Matematik,"Çarpanlar ve Katlar, Üslü İfadeler","Çarpanlar ve Katlar, Üslü İfadeler",2,mcq,ai_generated_jit,JIT Fallback,,,True,2025-12-05T18:49:43.480398,,,,,,,,,,""
q_jit_20251205184944_1,Aşağıdaki sayılardan hangisi 3 ile tam bölünür?,"{""A"": ""125"", ""B"": ""236"", ""C"": ""417"", ""D"": ""502""}",C,Matematik,"Çarpanlar ve Katlar, Üslü İfadeler","Çarpanlar ve Katlar, Üslü İfadeler",3,mcq,ai_generated_jit,JIT Fallback,,,True,2025-12-05T18:49:44.364375,,,,,,,,,,""
q_jit_20251205184945_2,Üç basamaklı 5A2 sayısı hem 2 ile hem de 3 ile tam bölünebilmektedir. Buna göre A yerine yazılabilecek rakamların toplamı kaçtır?,"{""A"": ""7"", ""B"": ""10"", ""C"": ""13"", ""D"": ""15""}",D,Matematik,"Çarpanlar ve Katlar, Üslü İfadeler","Çarpanlar ve Katlar, Üslü İfadeler",4,mcq,ai_generated_jit,JIT Fallback,,,True,2025-12-05T18:49:45.874512,,,,,,,,,,""
q_jit_20251205184947_3,"Metinde belirtilen 'Sadece sayının ilk basamağına bakarak bölünebilirliği değerlendirmek' hatasını yapan bir öğrenci, aşağıdaki sayılardan hangisinin 2 ile tam bölündüğünü yanlışlıkla düşünür?","{""A"": ""213"", ""B"": ""426"", ""C"": ""608"", ""D"": ""810""}",A,Matematik,"Çarpanlar ve Katlar, Üslü İfadeler","Çarpanlar ve Katlar, Üslü İfadeler",4,mcq,ai_generated_jit,JIT Fallback,,,True,2025-12-05T18:49:47.403662,,,,,,,,,,""
q_jit_20251205184948_4,"Rakamları farklı, üç basamaklı en büyük çift sayı ile rakamları farklı, üç basamaklı en küçük 3'ün katı olan sayının farkı kaçtır?","{""A"": ""876"", ""B"": ""880"", ""C"": ""884"", ""D"": ""890""}",C,Matematik,"Çarpanlar ve Katlar, Üslü İfadeler","Çarpanlar ve Katlar, Üslü İfadeler",5,mcq,ai_generated_jit,JIT Fallback,,,True,2025-12-05T18:49:48.429403,,,,,,,,,,""
q_jit_20251205190316_0,"Üç basamaklı bir doğal sayı olan 5AB sayısının hem 2 ile hem de 3 ile tam bölünebildiği bilinmektedir. Buna göre, A + B toplamının alabileceği en büyük değer kaçtır?","{""A"": ""12"", ""B"": ""14"", ""C"": ""16"", ""D"": ""18""}",C,Matematik,"Çarpanlar ve Katlar, Üslü İfadeler","Çarpanlar ve Katlar, Üslü İfadeler",3,mcq,ai_generated_jit,JIT Fallback,,,True,2025-12-05T19:03:16.877681,,,,,,,,,,""
q_jit_20251205190318_1,"Aşağıdaki sayılardan hangisi 2 ile bölündüğünde kalan 1, 3 ile bölündüğünde ise kalan 0 olur?","{""A"": ""34"", ""B"": ""57"", ""C"": ""68"", ""D"": ""73""}",B,Matematik,"Çarpanlar ve Katlar, Üslü İfadeler","Çarpanlar ve Katlar, Üslü İfadeler",2,mcq,ai_generated_jit,JIT Fallback,,,True,2025-12-05T19:03:18.349367,,,,,,,,,,""
q_jit_20251205190319_2,"Bir öğrenci, 876 sayısının 3 ile tam bölünüp bölünmediğini kontrol etmek istiyor. Verilen konu özetindeki bilgilere göre, öğrencinin bu kontrolü doğru bir şekilde yapabilmesi için aşağıdaki adımlardan hangisini uygulaması gerekir?","{""A"": ""Sayının birler basamağına bakarak çift olup olmadığını kontrol etmelidir."", ""B"": ""Sayının rakamlarını toplayıp, elde ettiği toplamın 3'ün katı olup olmadığını kontrol etmelidir."", ""C"": ""Sayının son iki basamağının 3'e bölünüp bölünmediğini kontrol etmelidir."", ""D"": ""Sayının ilk basamağına bakarak 3'ün katı olup olmadığını kontrol etmelidir.""}",B,Matematik,"Çarpanlar ve Katlar, Üslü İfadeler","Çarpanlar ve Katlar, Üslü İfadeler",1,mcq,ai_generated_jit,JIT Fallback,,,True,2025-12-05T19:03:19.398568,,,,,,,,,,""
q_jit_20251205190320_3,"Bir öğretmen, öğrencilerden dört basamaklı bir sayı yazmalarını istiyor. Yazılacak sayının hem 2 ile tam bölünebilmesi hem de rakamları toplamının 3'ün katı olması gerekmektedir. Eğer sayının ilk iki basamağı 1 ve 2 ise (yani sayı 12_ _ şeklinde ise), bu koşulları sağlayan kaç farklı sayı yazılabilir?","{""A"": ""15"", ""B"": ""16"", ""C"": ""17"", ""D"": ""18""}",C,Matematik,"Çarpanlar ve Katlar, Üslü İfadeler","Çarpanlar ve Katlar, Üslü İfadeler",4,mcq,ai_generated_jit,JIT Fallback,,,True,2025-12-05T19:03:20.908567,,,,,,,,,,""
q_jit_20251205190321_4,"Zeynep, 315 sayısının 2 ile bölünebilirliğini kontrol ederken, 'Sayının ilk basamağı 3 olduğu için bu sayı 2 ile tam bölünmez.' şeklinde bir yorum yapmıştır. Zeynep'in bu yorumu, verilen konu özetindeki hangi hata türüne örnek teşkil etmektedir?","{""A"": ""Rakamlar toplamını yanlış hesaplama."", ""B"": ""Sadece sayının ilk basamağına bakarak bölünebilirliği değerlendirme."", ""C"": ""Tek sayıları 2 ile bölünebilir sanma."", ""D"": ""Sadece son basamağa bakarak 3 ile bölünebilirliği değerlendirme.""}",B,Matematik,"Çarpanlar ve Katlar, Üslü İfadeler","Çarpanlar ve Katlar, Üslü İfadeler",3,mcq,ai_generated_jit,JIT Fallback,,,True,2025-12-05T19:03:21.904267,,,,,,,,,,""
q_jit_20251205214113_0,"Metinde verilen bilgilere göre, aşağıdaki sayılardan hangisi hem 2 ile hem de 3 ile tam bölünebilir?","{""A"": ""125"", ""B"": ""234"", ""C"": ""341"", ""D"": ""451""}",B,Matematik,"Çarpanlar ve Katlar, Üslü İfadeler","Çarpanlar ve Katlar, Üslü İfadeler",2,mcq,ai_generated_jit,JIT Fallback,,,True,2025-12-05T21:41:13.395985,,,,,,,,,,""
q_jit_20251205214115_1,"Dört basamaklı 5A2B sayısı hem 2 ile tam bölünebilen hem de 3 ile bölümünden kalan 1 olan bir sayıdır. Buna göre, A+B toplamının alabileceği en küçük değer kaçtır?","{""A"": ""0"", ""B"": ""1"", ""C"": ""2"", ""D"": ""3""}",A,Matematik,"Çarpanlar ve Katlar, Üslü İfadeler","Çarpanlar ve Katlar, Üslü İfadeler",3,mcq,ai_generated_jit,JIT Fallback,,,True,2025-12-05T21:41:15.012723,,,,,,,,,,""
q_jit_20251205214116_2,Metinde belirtilen hatalardan biri 'Sadece sayının ilk basamağına bakarak bölünebilirliği değerlendirmek.' şeklindedir. Aşağıdaki öğrencilerden hangisi bu hatayı yapmıştır?,"{""A"": ""Ayşe, 456 sayısının 2 ile bölünebildiğini çünkü birler basamağının çift olduğunu söylemiştir."", ""B"": ""Burak, 723 sayısının 3 ile bölünebildiğini çünkü rakamları toplamının (7+2+3=12) 3'ün katı olduğunu söylemiştir."", ""C"": ""Cem, 815 sayısının 2 ile bölünebildiğini çünkü ilk basamağının çift olduğunu söylemiştir."", ""D"": ""Deniz, 903 sayısının 3 ile bölünebildiğini çünkü rakamları toplamının (9+0+3=12) 3'ün katı olduğunu söylemiştir.""}",C,Matematik,"Çarpanlar ve Katlar, Üslü İfadeler","Çarpanlar ve Katlar, Üslü İfadeler",3,mcq,ai_generated_jit,JIT Fallback,,,True,2025-12-05T21:41:16.574199,,,,,,,,,,""
q_jit_20251205214118_3,"Bir öğretmen, öğrencilerine aşağıdaki kartları dağıtmıştır:
Kart 1: ""Bir sayının 2 ile bölümünden kalan 1'dir.""
Kart 2: ""Bir sayının 3 ile bölümünden kalan 0'dır.""
Öğrencilerden bu iki karttaki özelliği sağlayan 3 basamaklı en küçük doğal sayıyı bulmalarını istemiştir. Buna göre, doğru cevap aşağıdakilerden hangisidir?","{""A"": ""101"", ""B"": ""103"", ""C"": ""105"", ""D"": ""107""}",C,Matematik,"Çarpanlar ve Katlar, Üslü İfadeler","Çarpanlar ve Katlar, Üslü İfadeler",4,mcq,ai_generated_jit,JIT Fallback,,,True,2025-12-05T21:41:18.109460,,,,,,,,,,""
q_jit_20251205214119_4,"Elif, aklında üç basamaklı bir sayı tutmuştur. Bu sayı ile ilgili aşağıdaki bilgiler verilmiştir:
I. Sayı 2 ile tam bölünememektedir.
II. Sayının rakamları toplamı 3'ün katıdır.
III. Sayının birler basamağı 5'tir.
Buna göre, Elif'in aklında tuttuğu sayı aşağıdakilerden hangisi olabilir?","{""A"": ""135"", ""B"": ""245"", ""C"": ""325"", ""D"": ""415""}",A,Matematik,"Çarpanlar ve Katlar, Üslü İfadeler","Çarpanlar ve Katlar, Üslü İfadeler",4,mcq,ai_generated_jit,JIT Fallback,,,True,2025-12-05T21:41:19.131112,,,,,,,,,,""
q_jit_20251205215146_0,"Bir sayının 2 ile tam bölünebilmesi için birler basamağının çift rakam olması, 3 ile tam bölünebilmesi için ise basamaklarındaki rakamların toplamının 3'ün katı olması gerekmektedir. Buna göre, aşağıdaki sayılardan hangisi 2 ile tam bölünürken, 3 ile tam bölünemez?","{""A"": ""12"", ""B"": ""24"", ""C"": ""34"", ""D"": ""45""}",C,Matematik,"Çarpanlar ve Katlar, Üslü İfadeler","Çarpanlar ve Katlar, Üslü İfadeler",2,mcq,ai_generated_jit,JIT Fallback,,,True,2025-12-05T21:51:46.412966,,,,,,,,,,""
q_jit_20251205215148_1,Üç basamaklı 5AB sayısı hem 2 ile hem de 3 ile tam bölünebilen bir sayıdır. Buna göre A+B toplamının alabileceği en büyük değer kaçtır?,"{""A"": ""12"", ""B"": ""14"", ""C"": ""16"", ""D"": ""18""}",C,Matematik,"Çarpanlar ve Katlar, Üslü İfadeler","Çarpanlar ve Katlar, Üslü İfadeler",3,mcq,ai_generated_jit,JIT Fallback,,,True,2025-12-05T21:51:48.006465,,,,,,,,,,""
q_jit_20251205215149_2,"Bir öğrenci, bir sayının 2 ile tam bölünebilmesi için 'sadece sayının ilk basamağının çift olması yeterlidir' şeklinde yanlış bir kural geliştirmiştir. Bu öğrencinin kuralına göre aşağıdaki sayılardan hangisi 2 ile tam bölünürken, aslında 2 ile tam bölünmez?","{""A"": ""12"", ""B"": ""245"", ""C"": ""36"", ""D"": ""40""}",B,Matematik,"Çarpanlar ve Katlar, Üslü İfadeler","Çarpanlar ve Katlar, Üslü İfadeler",4,mcq,ai_generated_jit,JIT Fallback,,,True,2025-12-05T21:51:49.511583,,,,,,,,,,""
q_jit_20251205215151_3,"Bir sayının 2 ile bölümünden kalan 1 ise birler basamağı tek, 3 ile bölümünden kalan 0 ise rakamlar toplamı 3'ün katı olmalıdır. Buna göre, aşağıdaki sayılardan hangisi 2 ile tam bölünemezken, 3 ile tam bölünebilir?","{""A"": ""48"", ""B"": ""51"", ""C"": ""64"", ""D"": ""70""}",B,Matematik,"Çarpanlar ve Katlar, Üslü İfadeler","Çarpanlar ve Katlar, Üslü İfadeler",3,mcq,ai_generated_jit,JIT Fallback,,,True,2025-12-05T21:51:51.063801,,,,,,,,,,""
q_jit_20251205215152_4,Bir kutuda 10'dan 50'ye kadar (10 ve 50 dahil) numaralandırılmış toplar bulunmaktadır. Bu toplardan hem 2 ile tam bölünen hem de rakamları toplamı 3'ün katı olanlar seçilecektir. Buna göre kaç top seçilir?,"{""A"": ""6"", ""B"": ""7"", ""C"": ""8"", ""D"": ""9""}",B,Matematik,"Çarpanlar ve Katlar, Üslü İfadeler","Çarpanlar ve Katlar, Üslü İfadeler",5,mcq,ai_generated_jit,JIT Fallback,,,True,2025-12-05T21:51:52.608407,,,,,,,,,,""
q_jit_20251205220511_0,Aşağıdaki sayılardan hangisi 2 ile tam bölünemez?,"{""A"": ""148"", ""B"": ""203"", ""C"": ""560"", ""D"": ""1002""}",B,Matematik,"Çarpanlar ve Katlar, Üslü İfadeler","Çarpanlar ve Katlar, Üslü İfadeler",2,mcq,ai_generated_jit,JIT Fallback,,,True,2025-12-05T22:05:11.208745,,,,,,,,,,""
q_jit_20251205220511_1,Üç basamaklı 5A2 sayısının 3 ile tam bölünebilmesi için A yerine yazılabilecek rakamların toplamı kaçtır?,"{""A"": ""10"", ""B"": ""12"", ""C"": ""15"", ""D"": ""18""}",C,Matematik,"Çarpanlar ve Katlar, Üslü İfadeler","Çarpanlar ve Katlar, Üslü İfadeler",3,mcq,ai_generated_jit,JIT Fallback,,,True,2025-12-05T22:05:11.796992,,,,,,,,,,""
q_jit_20251205220512_2,"Bir matematik öğretmeni, öğrencilerine üzerinde sayılar yazan kartlar dağıtmıştır. Öğretmen, 'Hem 2 ile tam bölünebilen hem de rakamları toplamı 3'ün katı olan kartları seçin.' demiştir. Aşağıdaki kartlardan hangisini seçen öğrenci doğru cevap vermiş olur?","{""A"": ""135"", ""B"": ""246"", ""C"": ""304"", ""D"": ""417""}",B,Matematik,"Çarpanlar ve Katlar, Üslü İfadeler","Çarpanlar ve Katlar, Üslü İfadeler",4,mcq,ai_generated_jit,JIT Fallback,,,True,2025-12-05T22:05:12.837702,,,,,,,,,,""
q_jit_20251205220514_3,"Dört basamaklı 1K25 sayısının 3 ile bölümünden kalan 1 olduğuna göre, K yerine yazılabilecek en büyük rakam kaçtır?","{""A"": ""5"", ""B"": ""6"", ""C"": ""7"", ""D"": ""8""}",D,Matematik,"Çarpanlar ve Katlar, Üslü İfadeler","Çarpanlar ve Katlar, Üslü İfadeler",4,mcq,ai_generated_jit,JIT Fallback,,,True,2025-12-05T22:05:14.434966,,,,,,,,,,""
q_jit_20251205220515_4,"Bir öğrenci, 453 sayısının 2 ile bölünebilirliğini kontrol ederken 'İlk basamağı 4 olduğu için bu sayı 2 ile tam bölünür.' şeklinde bir yorum yapmıştır. Aynı öğrenci, 721 sayısının 3 ile bölünebilirliğini kontrol ederken 'Son basamağı 1 olduğu için bu sayı 3 ile tam bölünmez.' demiştir. Öğrencinin yaptığı bu yorumlar ve kullandığı yöntemler hakkında aşağıdakilerden hangisi doğrudur?","{""A"": ""Her iki yorumu da doğrudur ve kullandığı yöntemler de doğrudur."", ""B"": ""İlk yorumu yanlıştır çünkü 2 ile bölünebilirlik için birler basamağına bakılmalıdır; ikinci yorumu ise doğrudur ancak kullandığı yöntem yanlıştır."", ""C"": ""İlk yorumu doğrudur ancak kullandığı yöntem yanlıştır; ikinci yorumu ise hem yanlıştır hem de kullandığı yöntem yanlıştır."", ""D"": ""Her iki yorumu da yanlıştır ve kullandığı yöntemler de yanlıştır.""}",B,Matematik,"Çarpanlar ve Katlar, Üslü İfadeler","Çarpanlar ve Katlar, Üslü İfadeler",5,mcq,ai_generated_jit,JIT Fallback,,,True,2025-12-05T22:05:15.984723,,,,,,,,,,""
turkce_paragraf_001,Paragrafın ana düşüncesi nedir?,"{""A"": ""Okumak güzeldir."", ""B"": ""Kitap okumalıyız."", ""C"": ""Bilgi güçtür."", ""D"": ""Okumak zihni açar.""}",D,Türkçe,Paragrafta Anlam,Ana Düşünce,3,mcq,meb,LGS_2022,,active,True,2025-12-05T18:11:12.939112,2025-12-05T18:11:12.939116,,False,none,no_variant,,False,none,0.0,"False"
turkce_sozcuk_001,'Ağır' sözcüğü hangisinde mecaz anlamda kullanılmıştır?,"{""A"": ""Çanta çok ağırdı."", ""B"": ""Ağır sözler söyledi."", ""C"": ""Ağır adımlarla yürüdü."", ""D"": ""Ağır yemek yedi.""}",B,Türkçe,Sözcükte Anlam,Gerçek Anlam,1,mcq,meb,MEB_ORNEK,,active,True,2025-12-05T18:11:12.939092,2025-12-05T18:11:12.939095,,False,none,no_variant,,False,none,0.0,"False"